,SEASON,TEAM,DRTG,OPP_TS
1,1971,ATL,98.4,0.49290875866937994
2,1971,BAL,95.7,0.4948951506081093
3,1971,BOS,95.3,0.49553295782456935
4,1971,BUF,99.6,0.5112342560307408
5,1971,CHI,95.7,0.4974643138447082
6,1971,CIN,99.8,0.5173596554746751
7,1971,CLE,102.4,0.5271515090981731
8,1971,DET,98.7,0.5105410724395438
9,1971,LAL,96.1,0.48521521326371464
10,1971,MIL,93.1,0.47076039836983324
11,1971,NYK,93.3,0.4849897529446208
12,1971,PHI,97.5,0.5070178962906029
13,1971,PHO,96.6,0.5034495925004279
14,1971,POR,99.1,0.5152139208842593
15,1971,SDR,95.5,0.4995810865969194
16,1971,SFW,95.5,0.47391522875288045
17,1971,SEA,100.1,0.5158803583569284
18,1972,ATL,100.3,0.5152305468996974
19,1972,BAL,97.6,0.49869261665363773
20,1972,BOS,95.2,0.4990091222272998
21,1972,BUF,102.1,0.5180255873416687
22,1972,CHI,94.3,0.5059660834868017
23,1972,CIN,101.6,0.518920473328835
24,1972,CLE,101.4,0.5353540935591722
25,1972,DET,102.2,0.5169361013468834
26,1972,GSW,94.9,0.48509682109576363
27,1972,HOU,96.8,0.5055269318766294
28,1972,LAL,92.6,0.47305502362886753
29,1972,MIL,92.6,0.468136897904777
30,1972,NYK,96.3,0.4966672838363266
31,1972,PHI,99.5,0.5148585222520293
32,1972,PHO,96.5,0.5009640925175831
33,1972,POR,103.1,0.5306166412749457
34,1972,SEA,98.1,0.4945043978124043
35,1973,ATL,98.0,0.5052144803288829
36,1973,BAL,93.3,0.47557450267614126
37,1973,BOS,91.0,0.4764670021848732
38,1973,BUF,101.2,0.5147590684217107
39,1973,CHI,95.6,0.5146508261368742
40,1973,CLE,96.5,0.49900626285502986
41,1973,DET,98.2,0.5079204978341333
42,1973,GSW,94.0,0.48187667870292955
43,1973,HOU,99.4,0.5145399162886507
44,1973,KCO,102.4,0.5270131308337289
45,1973,LAL,91.8,0.46449845807817675
46,1973,MIL,91.1,0.4604244869798877
47,1973,NYK,92.5,0.47798866075329066
48,1973,PHI,100.6,0.5150488731718493
49,1973,PHO,99.5,0.5130239381623327
50,1973,POR,101.5,0.5235191756361968
51,1973,SEA,99.1,0.49681252516136454
52,1974,ATL,99.0,0.519945055451587
53,1974,BOS,95.1,0.4841080410480467
54,1974,BUF,99.4,0.5095799246417816
55,1974,CAP,94.2,0.4852520174127124
56,1974,CHI,93.6,0.5023775605930499
57,1974,CLE,100.1,0.5170176953164564
58,1974,DET,93.8,0.49268901483756294
59,1974,GSW,98.4,0.49450709986559926
60,1974,HOU,100.5,0.5212568311177505
61,1974,KCO,99.5,0.5179168657429527
62,1974,LAL,96.6,0.4793077241951084
63,1974,MIL,93.6,0.4685898797049401
64,1974,NYK,94.7,0.4899606576145223
65,1974,PHI,99.0,0.5129717804431908
66,1974,PHO,101.3,0.516582180599708
67,1974,POR,102.6,0.5332325087153483
68,1974,SEA,99.1,0.5137323170396939
69,1975,ATL,99.5,0.5180892167193537
70,1975,BOS,94.7,0.4831028000673363
71,1975,BUF,97.8,0.49233227853856365
72,1975,CHI,94.4,0.49272704275233997
73,1975,CLE,98.0,0.4987218225537104
74,1975,DET,99.7,0.5113150516037942
75,1975,GSW,97.3,0.5016302401406518
76,1975,HOU,99.4,0.5230141091024547
77,1975,KCO,97.1,0.5040712751340158
78,1975,LAL,99.9,0.49703351316152433
79,1975,MIL,97.8,0.4879508080185773
80,1975,NOJ,99.7,0.5261458626843242
81,1975,NYK,98.3,0.5038631319895371
82,1975,PHI,98.8,0.5056520758664037
83,1975,PHO,98.6,0.5080770611463444
84,1975,POR,97.7,0.5006902812186773
85,1975,SEA,97.7,0.5008445153420287
86,1975,WSB,91.3,0.48288263482310206
87,1976,ATL,101.2,0.5222244224741243
88,1976,BOS,96.7,0.49029542083882205
89,1976,BUF,98.2,0.503250048439331
90,1976,CHI,98.0,0.5136135161318137
91,1976,CLE,97.0,0.4999459119249454
92,1976,DET,100.2,0.5141483984552476
93,1976,GSW,94.5,0.48670580110497236
94,1976,HOU,101.8,0.5183937003407904
95,1976,KCK,100.1,0.5139662825840574
96,1976,LAL,98.8,0.490581639238464
97,1976,MIL,98.7,0.49323864642454407
98,1976,NOJ,97.4,0.5065221791751597
99,1976,NYK,99.2,0.5054850377852884
100,1976,PHI,98.0,0.49714969032263956
101,1976,PHO,97.9,0.5129524995211645
102,1976,POR,97.6,0.5045270124989483
103,1976,SEA,98.6,0.5132534248182582
104,1976,WSB,95.3,0.48376031426799243
105,1977,ATL,101.6,0.52898090407425
106,1977,BOS,98.3,0.49271143605018497
107,1977,BUF,101.8,0.5137974300969896
108,1977,CHI,97.4,0.5064859441800436
109,1977,CLE,98.9,0.4992160173682306
110,1977,DEN,96.1,0.5046053476131966
111,1977,DET,101.3,0.5229316048196333
112,1977,GSW,99.5,0.5142592989352684
113,1977,HOU,102.9,0.5148031360220825
114,1977,IND,101.0,0.5164225024014256
115,1977,KCK,99.6,0.5243289595339724
116,1977,LAL,98.9,0.49326525425686757
117,1977,MIL,102.9,0.5208926659223986
118,1977,NOJ,99.7,0.5009033896453797
119,1977,NYK,100.1,0.5157588477023077
120,1977,NYN,98.7,0.5154418317680126
121,1977,PHI,97.6,0.49311864283967505
122,1977,PHO,97.5,0.5144526074912682
123,1977,POR,98.0,0.5114474933491262
124,1977,SAS,102.0,0.5223272345049973
125,1977,SEA,98.2,0.5132565060349615
126,1977,WSB,98.4,0.4976806663320133
127,1978,ATL,99.8,0.5349739956282505
128,1978,BOS,100.9,0.5038044941871346
129,1978,BUF,103.8,0.5198860332596814
130,1978,CHI,102.9,0.527737531003659
131,1978,CLE,99.4,0.49837889427957877
132,1978,DEN,101.5,0.5145029186841034
133,1978,DET,101.5,0.5215907884227391
134,1978,GSW,99.3,0.5143862013973268
135,1978,HOU,106.1,0.5269576288158384
136,1978,IND,101.9,0.5209191142831
137,1978,KCK,102.2,0.5260126261462605
138,1978,LAL,100.8,0.5024481894784787
139,1978,MIL,102.4,0.5271029484074229
140,1978,NJN,100.2,0.520180029779362
141,1978,NOJ,100.6,0.5037748044148604
142,1978,NYK,102.2,0.5210540401900217
143,1978,PHI,100.3,0.5072013906133599
144,1978,PHO,97.0,0.515194923608829
145,1978,POR,97.2,0.5001754369100033
146,1978,SAS,101.4,0.5094371697885305
147,1978,SEA,97.7,0.5054922408917942
148,1978,WSB,100.5,0.5040567267496742
149,1979,ATL,103.6,0.5428598989844025
150,1979,BOS,106.4,0.5458546080284352
151,1979,CHI,105.1,0.5368785508796785
152,1979,CLE,107.3,0.5499554534257045
153,1979,DEN,103.2,0.5207197129688509
154,1979,DET,104.6,0.535284032990455
155,1979,GSW,102.0,0.5235761653988686
156,1979,HOU,107.7,0.5360067179663729
157,1979,IND,104.5,0.5279115724757184
158,1979,KCK,101.9,0.5421273369419172
159,1979,LAL,103.2,0.5178991082638509
160,1979,MIL,104.0,0.5352140622811522
161,1979,NJN,101.8,0.5355616684024453
162,1979,NOJ,105.4,0.5203140716320824
163,1979,NYK,105.4,0.5319733072886244
164,1979,PHI,100.3,0.5103656647756958
165,1979,PHO,102.4,0.5346956509551641
166,1979,POR,103.1,0.5383335130842313
167,1979,SAS,102.4,0.5196691004919497
168,1979,SDC,107.9,0.5347982022063831
169,1979,SEA,100.1,0.5047697391815582
170,1979,WSB,102.7,0.509514248763238
171,1980,ATL,102.3,0.5193791879387364
172,1980,BOS,101.9,0.5225144378989419
173,1980,CHI,107.0,0.5469446166363178
174,1980,CLE,106.4,0.5453482935951379
175,1980,DEN,107.6,0.5388132114200411
176,1980,DET,108.8,0.5447773040638606
177,1980,GSW,106.3,0.5468622596474583
178,1980,HOU,108.0,0.5444622130017817
179,1980,IND,106.2,0.5363071024454108
180,1980,KCK,101.0,0.5316611211912966
181,1980,LAL,103.9,0.5116594818719172
182,1980,MIL,102.9,0.5126060320452404
183,1980,NJN,102.5,0.524321507522188
184,1980,NYK,107.5,0.5476612693578936
185,1980,PHI,101.0,0.5057732104223498
186,1980,PHO,102.2,0.5241691986553119
187,1980,POR,104.3,0.5285434692522379
188,1980,SAS,109.0,0.5454078866680294
189,1980,SDC,109.8,0.543565982738813
190,1980,SEA,101.2,0.5087421194262416
191,1980,UTA,110.4,0.5450675891170482
192,1980,WSB,105.7,0.514317518632701
193,1981,ATL,107.3,0.5516226099259688
194,1981,BOS,102.6,0.5137456796193727
195,1981,CHI,105.8,0.5362485700038133
196,1981,CLE,109.1,0.5510586061887747
197,1981,DAL,110.8,0.5582553142981757
198,1981,DEN,109.8,0.5496114069174832
199,1981,DET,104.3,0.5540201517500204
200,1981,GSW,109.7,0.5507063657614666
201,1981,HOU,106.7,0.5352227484483317
202,1981,IND,105.0,0.5392023370385958
203,1981,KCK,104.7,0.5335280516003408
204,1981,LAL,103.9,0.5087555430193792
205,1981,MIL,101.8,0.5161480607580002
206,1981,NJN,106.7,0.5558943284614055
207,1981,NYK,104.4,0.5442003576387848
208,1981,PHI,99.5,0.504786936265905
209,1981,PHO,99.4,0.5179865336803103
210,1981,POR,105.7,0.536330160726365
211,1981,SAS,105.7,0.5197352263828328
212,1981,SDC,107.6,0.5527007350227887
213,1981,SEA,104.8,0.5131989122504477
214,1981,UTA,109.4,0.5418422636965683
215,1981,WSB,102.7,0.512980582432266
216,1982,ATL,104.6,0.5279397211668128
217,1982,BOS,103.5,0.5162391409093728
218,1982,CHI,108.6,0.5372485925039681
219,1982,CLE,111.8,0.561558756172794
220,1982,DAL,110.4,0.5552214922524922
221,1982,DEN,113.9,0.5626645281637349
222,1982,DET,106.6,0.5511203574393749
223,1982,GSW,107.7,0.5403093446462164
224,1982,HOU,108.3,0.5383243808928634
225,1982,IND,104.6,0.5332153410028347
226,1982,KCK,107.2,0.5544500767973777
227,1982,LAL,105.5,0.5256046117264543
228,1982,MIL,102.3,0.5176749092336375
229,1982,NJN,102.3,0.5379685712446203
230,1982,NYK,108.6,0.5536973534680834
231,1982,PHI,103.9,0.5285873535063145
232,1982,PHO,102.4,0.5160159792172144
233,1982,POR,108.2,0.5436022800100989
234,1982,SAS,107.6,0.5353219357637251
235,1982,SDC,113.8,0.5745083243849822
236,1982,SEA,102.3,0.5052871101592825
237,1982,UTA,111.7,0.5547275462447069
238,1982,WSB,102.5,0.512158358171157
239,1983,ATL,103.2,0.5139655930795172
240,1983,BOS,101.8,0.5199570346289484
241,1983,CHI,108.0,0.5408823502627289
242,1983,CLE,106.8,0.5382135378218359
243,1983,DAL,109.8,0.5448290281053552
244,1983,DEN,109.1,0.548026146526951
245,1983,DET,105.8,0.5337766888344417
246,1983,GSW,107.4,0.5537148521903167
247,1983,HOU,108.3,0.5486789721317409
248,1983,IND,109.4,0.5626237161083766
249,1983,KCK,104.9,0.5404723337324225
250,1983,LAL,105.2,0.5280853406615125
251,1983,MIL,101.4,0.5044600068393194
252,1983,NJN,98.9,0.5274960023985609
253,1983,NYK,99.9,0.5270615838869557
254,1983,PHI,100.9,0.5059494263306434
255,1983,PHO,100.1,0.5059349479360807
256,1983,POR,103.9,0.5321627765914952
257,1983,SAS,106.6,0.5328105625070454
258,1983,SDC,109.3,0.5764719593723343
259,1983,SEA,102.8,0.5053116588719246
260,1983,UTA,105.1,0.5192018544042101
261,1983,WSB,99.3,0.511558907468446
262,1984,ATL,106.9,0.5338815539393326
263,1984,BOS,104.4,0.5205101191592943
264,1984,CHI,107.5,0.5463176501118832
265,1984,CLE,108.5,0.5426787143205054
266,1984,DAL,109.6,0.5465431464204666
267,1984,DEN,112.3,0.5683811935061186
268,1984,DET,108.1,0.547343958752799
269,1984,GSW,108.8,0.5624476130951515
270,1984,HOU,108.2,0.5392512943419099
271,1984,IND,106.5,0.5439084199281344
272,1984,KCK,108.0,0.5526144027848285
273,1984,LAL,107.3,0.5311483461998276
274,1984,MIL,103.6,0.5121085214857976
275,1984,NJN,105.0,0.5477242056189424
276,1984,NYK,103.1,0.5432406154669246
277,1984,PHI,104.6,0.5293806894055382
278,1984,PHO,108.0,0.5519282028709069
279,1984,POR,107.7,0.5627476816248416
280,1984,SAS,111.4,0.5504640293699625
281,1984,SDC,112.4,0.556951643436506
282,1984,SEA,108.1,0.535465304212319
283,1984,UTA,108.0,0.5224329987374303
284,1984,WSB,107.2,0.5370929009466727
285,1985,ATL,107.3,0.5328308457472138
286,1985,BOS,106.3,0.5223453287588599
287,1985,CHI,109.6,0.5436650466638268
288,1985,CLE,108.7,0.5345623954766265
289,1985,DAL,109.3,0.5506949921135647
290,1985,DEN,108.4,0.5641891733730331
291,1985,DET,107.2,0.5463454049203971
292,1985,GSW,113.0,0.5830977748785967
293,1985,HOU,106.3,0.5381249250689366
294,1985,IND,108.4,0.5507398733791071
295,1985,KCK,112.1,0.5612242519729084
296,1985,LAC,110.3,0.5345419713571479
297,1985,LAL,107.0,0.5270473293486476
298,1985,MIL,103.6,0.5225490196078432
299,1985,NJN,107.7,0.5514941328315123
300,1985,NYK,109.6,0.5591187191482176
301,1985,PHI,107.3,0.543433256045048
302,1985,PHO,106.8,0.5428066548059817
303,1985,POR,107.2,0.5410745658450654
304,1985,SAS,109.0,0.5512379090153404
305,1985,SEA,108.2,0.5435425518281563
306,1985,UTA,103.4,0.5171696149843913
307,1985,WSB,104.6,0.5333338250551958
308,1986,ATL,105.6,0.5326798344730431
309,1986,BOS,102.6,0.509476367226436
310,1986,CHI,112.4,0.5590869412144858
311,1986,CLE,108.3,0.5365855389871896
312,1986,DAL,111.0,0.544958652288093
313,1986,DEN,105.9,0.5415698364870088
314,1986,DET,107.9,0.544850990574025
315,1986,GSW,111.6,0.5644146627648896
316,1986,HOU,107.6,0.5416256926189982
317,1986,IND,105.9,0.5325747736920662
318,1986,LAC,112.1,0.5514363534779774
319,1986,LAL,105.8,0.5288871409125379
320,1986,MIL,102.7,0.5261230528154792
321,1986,NJN,106.9,0.5503957630640469
322,1986,NYK,105.2,0.5428105836006986
323,1986,PHI,106.3,0.5384121642977665
324,1986,PHO,107.2,0.5457234781215996
325,1986,POR,108.2,0.5558449032785872
326,1986,SAC,109.2,0.5479543673921767
327,1986,SAS,108.2,0.5479231867477283
328,1986,SEA,106.0,0.5445969779060843
329,1986,UTA,104.6,0.5278407689242272
330,1986,WSB,104.8,0.5162482992052541
331,1987,ATL,105.2,0.5178034471915413
332,1987,BOS,106.8,0.5146167253988102
333,1987,CHI,107.6,0.5392802004505075
334,1987,CLE,106.4,0.5272222856164774
335,1987,DAL,108.7,0.5316074399195481
336,1987,DEN,110.2,0.5592010617859164
337,1987,DET,105.8,0.5225607130860178
338,1987,GSW,111.2,0.5510127355608816
339,1987,HOU,105.5,0.5236603028943343
340,1987,IND,106.6,0.5397880078362094
341,1987,LAC,112.3,0.5683204554697031
342,1987,LAL,106.5,0.5214245508701159
343,1987,MIL,105.6,0.5365500526041513
344,1987,NJN,110.5,0.5505198203697657
345,1987,NYK,111.1,0.5463269774832384
346,1987,PHI,108.5,0.5394445294341168
347,1987,PHO,110.3,0.549853545613455
348,1987,POR,108.6,0.5431670622569891
349,1987,SAC,112.1,0.5460963939782939
350,1987,SAS,110.8,0.5568755568755569
351,1987,SEA,110.3,0.541872438548503
352,1987,UTA,103.7,0.5203657856690637
353,1987,WSB,107.0,0.5230866510093278
354,1988,ATL,107.6,0.5359068227978235
355,1988,BOS,109.4,0.5350588395017432
356,1988,CHI,105.5,0.5247442423020713
357,1988,CLE,106.0,0.5314760835762391
358,1988,DAL,107.7,0.5215811634134037
359,1988,DEN,106.3,0.546071171886821
360,1988,DET,105.3,0.5238105761486632
361,1988,GSW,112.9,0.5605431688804554
362,1988,HOU,105.7,0.5216514013208939
363,1988,IND,107.4,0.5313265095424914
364,1988,LAC,107.6,0.5342074221939933
365,1988,LAL,107.3,0.5248450178319252
366,1988,MIL,107.6,0.532597188369402
367,1988,NJN,109.6,0.5574792417280103
368,1988,NYK,106.4,0.5472242921013413
369,1988,PHI,110.3,0.5480540804918949
370,1988,PHO,111.4,0.554927526512938
371,1988,POR,107.4,0.5381170667884053
372,1988,SAC,112.1,0.5493942349831064
373,1988,SAS,112.8,0.5563828812316716
374,1988,SEA,108.1,0.5524691662312311
375,1988,UTA,103.1,0.5134376493072145
376,1988,WSB,107.2,0.5299614263964082
377,1989,ATL,107.2,0.5337621920390342
378,1989,BOS,109.6,0.5409308184698914
379,1989,CHO,112.1,0.560173451224703
380,1989,CHI,107.7,0.5338890542820284
381,1989,CLE,102.9,0.5113910823253384
382,1989,DAL,108.6,0.5218517437618561
383,1989,DEN,107.1,0.5502901487907005
384,1989,DET,104.7,0.5136109384711001
385,1989,GSW,107.7,0.5265130037668508
386,1989,HOU,104.8,0.5291179886916704
387,1989,IND,111.0,0.5328994786255183
388,1989,LAC,110.2,0.5415624289288151
389,1989,LAL,106.7,0.5222423849029427
390,1989,MIA,109.0,0.553188275899635
391,1989,MIL,106.4,0.5435986786448053
392,1989,NJN,109.3,0.5525940762796528
393,1989,NYK,107.5,0.5504423515981735
394,1989,PHI,111.5,0.5528260030392909
395,1989,PHO,105.7,0.5196811525312174
396,1989,POR,108.0,0.5505261308489321
397,1989,SAC,110.0,0.5399386180038043
398,1989,SAS,107.9,0.5543528294830116
399,1989,SEA,108.6,0.5487518009938546
400,1989,UTA,101.5,0.4985074044446179
401,1989,WSB,108.5,0.5429647216826151
402,1990,ATL,111.9,0.5553833827175425
403,1990,BOS,107.9,0.5225006969880502
404,1990,CHO,109.9,0.5567058173969783
405,1990,CHI,109.0,0.5532631728721918
406,1990,CLE,107.2,0.5292266615810051
407,1990,DAL,107.2,0.5260025314421184
408,1990,DEN,106.7,0.549725877452769
409,1990,DET,103.5,0.5138733691520356
410,1990,GSW,112.6,0.5413268284915608
411,1990,HOU,103.4,0.5190844101488459
412,1990,IND,111.4,0.5404768807073489
413,1990,LAC,107.4,0.5359600070265839
414,1990,LAL,107.0,0.5212308460048142
415,1990,MIA,108.9,0.5511246745902518
416,1990,MIL,108.1,0.5470644105076358
417,1990,MIN,108.2,0.5465543603637436
418,1990,NJN,108.6,0.5454014519396159
419,1990,NYK,108.0,0.5244792913574335
420,1990,ORL,114.3,0.5543651528356671
421,1990,PHI,108.4,0.5379789446386627
422,1990,PHO,106.2,0.5176399226204138
423,1990,POR,104.4,0.5312237300348265
424,1990,SAC,110.0,0.5351711863246525
425,1990,SAS,104.2,0.524093899328225
426,1990,SEA,109.8,0.5553480709904176
427,1990,UTA,105.4,0.5211213919490575
428,1990,WSB,109.7,0.533175355450237
429,1991,ATL,110.1,0.5498587834712696
430,1991,BOS,106.7,0.5113285102808414
431,1991,CHO,110.4,0.5543845067742807
432,1991,CHI,105.2,0.5325883872827313
433,1991,CLE,108.7,0.5367435339520907
434,1991,DAL,110.3,0.5386386834338122
435,1991,DEN,114.7,0.5757674035000301
436,1991,DET,104.6,0.515448518791758
437,1991,GSW,110.3,0.5495542957313093
438,1991,HOU,103.9,0.5140979178609252
439,1991,IND,112.1,0.5474352559979034
440,1991,LAC,106.5,0.530872145367242
441,1991,LAL,105.0,0.5096129837702872
442,1991,MIA,108.1,0.5443805638895868
443,1991,MIL,107.2,0.5469515982485229
444,1991,MIN,110.9,0.5474984395875353
445,1991,NJN,107.4,0.5305964648581463
446,1991,NYK,107.3,0.529670021951866
447,1991,ORL,109.9,0.542089227525859
448,1991,PHI,108.1,0.5264335827648953
449,1991,PHO,106.1,0.5191271640609165
450,1991,POR,104.3,0.523477310163467
451,1991,SAC,109.1,0.5390883535565598
452,1991,SAS,103.3,0.5097390950252566
453,1991,SEA,108.5,0.5526243100987729
454,1991,UTA,105.1,0.5203893778528736
455,1991,WSB,108.1,0.5262033711770158
456,1992,ATL,108.9,0.5370447825071979
457,1992,BOS,107.0,0.5144970255640711
458,1992,CHO,110.9,0.5482818144944487
459,1992,CHI,104.5,0.5198638345615422
460,1992,CLE,108.2,0.5185602872967101
461,1992,DAL,111.1,0.5334292196141813
462,1992,DEN,108.6,0.5463462129245161
463,1992,DET,105.3,0.5097484744753683
464,1992,GSW,109.9,0.5450089869735208
465,1992,HOU,108.0,0.519327505372143
466,1992,IND,109.9,0.53389986631837
467,1992,LAC,104.7,0.5228784357720971
468,1992,LAL,108.9,0.5290396267787281
469,1992,MIA,110.9,0.549703566534209
470,1992,MIL,110.6,0.5553651228925451
471,1992,MIN,112.4,0.5411773662005727
472,1992,NJN,108.7,0.535697724932031
473,1992,NYK,104.2,0.5212373807056913
474,1992,ORL,110.5,0.5480284036031774
475,1992,PHI,109.7,0.5339016843582327
476,1992,PHO,106.2,0.5153241920057575
477,1992,POR,104.2,0.52121228398287
478,1992,SAC,109.9,0.5364929044869453
479,1992,SAS,104.1,0.5154381599132525
480,1992,SEA,108.8,0.5400558743582
481,1992,UTA,105.6,0.5167247335029149
482,1992,WSB,108.4,0.5368522966812098
483,1993,ATL,110.2,0.5556959301918324
484,1993,BOS,107.8,0.5282413929679785
485,1993,CHO,109.7,0.5253564296660939
486,1993,CHI,106.1,0.5394118554863154
487,1993,CLE,106.0,0.519230865438973
488,1993,DAL,114.7,0.5770053502232538
489,1993,DEN,106.3,0.5268894475501954
490,1993,DET,108.9,0.5376413188214306
491,1993,GSW,110.2,0.5483222965510256
492,1993,HOU,105.2,0.5144012228971399
493,1993,IND,110.1,0.5358991422656019
494,1993,LAC,107.1,0.5389093273052318
495,1993,LAL,108.9,0.5394113245198304
496,1993,MIA,108.9,0.546788659085006
497,1993,MIL,110.1,0.5494436078066727
498,1993,MIN,111.8,0.551314673452078
499,1993,NJN,105.2,0.5248219084158041
500,1993,NYK,99.7,0.5042490215390327
501,1993,ORL,107.1,0.5165883883699895
502,1993,PHI,110.4,0.5390885468909714
503,1993,PHO,106.7,0.5322746225666924
504,1993,POR,105.2,0.5332262315471519
505,1993,SAC,109.6,0.554166808651501
506,1993,SAS,106.8,0.5218802293228243
507,1993,SEA,104.9,0.5379241723844862
508,1993,UTA,107.4,0.5331261904880938
509,1993,WSB,110.8,0.5484826745808683
510,1994,ATL,101.7,0.5110107723092555
511,1994,BOS,108.7,0.5379579321641165
512,1994,CHO,108.6,0.5299921016034229
513,1994,CHI,102.7,0.5245217278743521
514,1994,CLE,105.1,0.523632481778694
515,1994,DAL,109.6,0.559607315252027
516,1994,DEN,102.3,0.5040729141252446
517,1994,DET,110.9,0.5396257622755906
518,1994,GSW,106.5,0.5267255240013947
519,1994,HOU,101.4,0.4967931868362948
520,1994,IND,104.2,0.5206597149881245
521,1994,LAC,108.6,0.5311594479182553
522,1994,LAL,109.3,0.5338770981960738
523,1994,MIA,106.7,0.532447297004468
524,1994,MIL,109.3,0.5557040928130684
525,1994,MIN,109.2,0.5343014219535136
526,1994,NJN,104.9,0.5161611225522705
527,1994,NYK,98.2,0.5014677103718199
528,1994,ORL,106.7,0.5200182414449617
529,1994,PHI,109.7,0.5340910212501357
530,1994,PHO,106.8,0.5290038082783887
531,1994,POR,105.5,0.5340486352159601
532,1994,SAC,109.2,0.5413806565753906
533,1994,SAS,104.6,0.5042829331602855
534,1994,SEA,101.5,0.5292154657256023
535,1994,UTA,104.1,0.5188975112617866
536,1994,WSB,112.2,0.5588140036233717
537,1995,ATL,105.2,0.5331979872731044
538,1995,BOS,110.6,0.5501987434286447
539,1995,CHO,106.1,0.5232814336075206
540,1995,CHI,104.3,0.5355840155629408
541,1995,CLE,104.6,0.5356748077213968
542,1995,DAL,110.6,0.5538832948798263
543,1995,DEN,108.2,0.534701060576958
544,1995,DET,112.9,0.5577835663073193
545,1995,GSW,112.2,0.5562271062271062
546,1995,HOU,107.4,0.5273563323340384
547,1995,IND,105.6,0.5345181489144498
548,1995,LAC,111.1,0.5730836895019626
549,1995,LAL,109.4,0.5374403051595265
550,1995,MIA,109.9,0.5547290536626468
551,1995,MIL,110.9,0.5665828074364659
552,1995,MIN,112.4,0.5564730757497659
553,1995,NJN,108.6,0.5308900068064462
554,1995,NYK,103.8,0.5207971622264129
555,1995,ORL,107.8,0.5306971385249213
556,1995,PHI,109.7,0.5441274405133139
557,1995,PHO,110.4,0.553853122327208
558,1995,POR,105.7,0.54165224568036
559,1995,SAC,106.5,0.5327924662700075
560,1995,SAS,105.4,0.5227944194720492
561,1995,SEA,106.3,0.5413810382324529
562,1995,UTA,105.7,0.5474180263379219
563,1995,WSB,111.3,0.5587162561323299
564,1996,ATL,108.0,0.5496850654732305
565,1996,BOS,109.9,0.5555246016228865
566,1996,CHO,111.8,0.5642911151105952
567,1996,CHI,101.8,0.5218862136028707
568,1996,CLE,106.7,0.5502124770397493
569,1996,DAL,111.2,0.5616623829630989
570,1996,DEN,108.1,0.5370278589315526
571,1996,DET,105.1,0.5237095993487492
572,1996,GSW,109.9,0.5506352531632376
573,1996,HOU,107.4,0.5298719224966904
574,1996,IND,107.2,0.5393023981774071
575,1996,LAC,110.3,0.5597400601084497
576,1996,LAL,106.6,0.5284732732481108
577,1996,MIA,103.8,0.5263356984215333
578,1996,MIL,111.5,0.5599844027555132
579,1996,MIN,109.8,0.5547383821539816
580,1996,NJN,106.5,0.535231580462681
581,1996,NYK,103.5,0.5232655103402268
582,1996,ORL,106.9,0.5316235777513404
583,1996,PHI,113.0,0.5584210361624232
584,1996,PHO,110.0,0.5497503069573562
585,1996,POR,103.5,0.5222727798152604
586,1996,SAC,109.1,0.5514096621966424
587,1996,SAS,103.5,0.5128231558982393
588,1996,SEA,102.1,0.5240482179850336
589,1996,TOR,111.8,0.5600335109482973
590,1996,UTA,106.1,0.543117927864215
591,1996,VAN,108.5,0.5510079808588719
592,1996,WSB,107.6,0.5405830318905659
593,1997,ATL,102.3,0.5097072521993645
594,1997,BOS,111.4,0.5754264489379743
595,1997,CHO,108.9,0.5326714056900421
596,1997,CHI,102.4,0.5094324389784439
597,1997,CLE,102.4,0.5336904443417564
598,1997,DAL,108.2,0.541869504303883
599,1997,DEN,111.2,0.5389673045446278
600,1997,DET,104.4,0.5235523164659465
601,1997,GSW,112.2,0.5585275810932181
602,1997,HOU,104.0,0.5164211574753618
603,1997,IND,104.7,0.5288311730909051
604,1997,LAC,107.6,0.5468837942291096
605,1997,LAL,103.7,0.5195620059196975
606,1997,MIA,100.6,0.5120556033952516
607,1997,MIL,108.3,0.5444788627746637
608,1997,MIN,107.1,0.5335361788596206
609,1997,NJN,109.7,0.5459491982106888
610,1997,NYK,101.0,0.5163754444802517
611,1997,ORL,106.0,0.532992130317539
612,1997,PHI,111.4,0.5480363128071783
613,1997,PHO,108.6,0.5446004139925315
614,1997,POR,103.3,0.5218292761532346
615,1997,SAC,108.7,0.5421046775321621
616,1997,SAS,112.3,0.5540379362086877
617,1997,SEA,102.7,0.5339868221776379
618,1997,TOR,108.0,0.5469815548483471
619,1997,UTA,104.0,0.5339142202214919
620,1997,VAN,111.8,0.5475609625036271
621,1997,WSB,104.9,0.5329336220334204
622,1998,ATL,104.3,0.5063067689443784
623,1998,BOS,105.3,0.5615376916276044
624,1998,CHO,105.3,0.5328134528014767
625,1998,CHI,99.8,0.5002968555103463
626,1998,CLE,99.1,0.5132478036536048
627,1998,DAL,107.2,0.5231699847662323
628,1998,DEN,112.1,0.556228466838932
629,1998,DET,103.5,0.5206504564606742
630,1998,GSW,105.7,0.515304910788039
631,1998,HOU,108.6,0.5368344331828276
632,1998,IND,101.5,0.500119350516191
633,1998,LAC,111.2,0.5408405155897965
634,1998,LAL,103.7,0.5136705434899611
635,1998,MIA,102.0,0.5042481695989509
636,1998,MIL,105.6,0.5361561167240013
637,1998,MIN,107.1,0.5252143732135566
638,1998,NJN,106.6,0.5448688411728673
639,1998,NYK,100.3,0.5114253558350225
640,1998,ORL,103.8,0.5163462441768578
641,1998,PHI,105.4,0.5276869196587082
642,1998,PHO,101.8,0.5146640356149373
643,1998,POR,102.4,0.5071678479947599
644,1998,SAC,106.9,0.5255892833026875
645,1998,SAS,99.4,0.48292854254028394
646,1998,SEA,103.6,0.519437179167164
647,1998,TOR,111.0,0.5451822763737751
648,1998,UTA,105.4,0.5235322435821154
649,1998,VAN,112.0,0.5477201678252642
650,1998,WAS,104.5,0.5283710083674863
651,1999,ATL,97.1,0.47970292929385894
652,1999,BOS,102.4,0.5202209430882895
653,1999,CHO,102.4,0.5077944093463007
654,1999,CHI,103.0,0.5269131746749471
655,1999,CLE,101.6,0.5194388928692636
656,1999,DAL,104.9,0.5152435816498316
657,1999,DEN,110.4,0.5431856470465638
658,1999,DET,100.3,0.5152329749103943
659,1999,GSW,101.1,0.5021408161640466
660,1999,HOU,102.9,0.4991006412818686
661,1999,IND,104.4,0.5079465818077803
662,1999,LAC,109.7,0.5518714673550225
663,1999,LAL,104.3,0.5157508748097772
664,1999,MIA,98.9,0.486397991886034
665,1999,MIL,103.0,0.5175514446825931
666,1999,MIN,101.5,0.5176965412322698
667,1999,NJN,103.6,0.5241104002537937
668,1999,NYK,97.5,0.48761822086169876
669,1999,ORL,97.4,0.5061960352833672
670,1999,PHI,97.6,0.5033649602824359
671,1999,PHO,103.3,0.5213920474862332
672,1999,POR,97.7,0.49213299159903173
673,1999,SAC,103.1,0.5040362986299832
674,1999,SAS,95.0,0.46396064930400427
675,1999,SEA,106.2,0.5273422040859402
676,1999,TOR,103.9,0.520426662358759
677,1999,UTA,98.4,0.4893382883532977
678,1999,VAN,107.9,0.5378336642400177
679,1999,WAS,103.7,0.5249532575866532
680,2000,ATL,107.9,0.520748410239687
681,2000,BOS,105.6,0.5522274789685295
682,2000,CHO,101.4,0.5162317514409525
683,2000,CHI,104.6,0.5284803197021952
684,2000,CLE,104.0,0.5290030056259152
685,2000,DAL,107.2,0.5269558423228148
686,2000,DEN,105.8,0.5239861635792635
687,2000,DET,105.8,0.5438683637006715
688,2000,GSW,108.4,0.5456186412865114
689,2000,HOU,105.7,0.5220999243535784
690,2000,IND,103.6,0.5093637097147203
691,2000,LAC,110.1,0.545901782683386
692,2000,LAL,98.2,0.4897848209430591
693,2000,MIA,101.0,0.4999545738762378
694,2000,MIL,107.9,0.5427232360511871
695,2000,MIN,103.4,0.5221959826996047
696,2000,NJN,106.3,0.5324352108760759
697,2000,NYK,100.9,0.5061045672618756
698,2000,ORL,101.7,0.5194550247553781
699,2000,PHI,100.0,0.5124113095684
700,2000,PHO,99.0,0.5031302388935457
701,2000,POR,100.8,0.50239556416882
702,2000,SAC,102.1,0.5178602371463228
703,2000,SAS,98.6,0.4906212369569945
704,2000,SEA,104.6,0.5204506648729756
705,2000,TOR,104.9,0.528204435831864
706,2000,UTA,102.3,0.5254774409499251
707,2000,VAN,108.5,0.5450604687934019
708,2000,WAS,107.0,0.5384473781097144
709,2001,ATL,104.3,0.5218148516738307
710,2001,BOS,103.7,0.5397043938223098
711,2001,CHO,99.5,0.5017435366551339
712,2001,CHI,107.3,0.543028519444079
713,2001,CLE,104.9,0.5260742317413862
714,2001,DAL,102.6,0.5139003262693754
715,2001,DEN,106.3,0.5194765314321687
716,2001,DET,101.8,0.5109964173872041
717,2001,GSW,107.4,0.5459786697163481
718,2001,HOU,104.2,0.5153410625665362
719,2001,IND,102.2,0.500753071531263
720,2001,LAC,104.5,0.5094805878642219
721,2001,LAL,104.8,0.5147730970050974
722,2001,MIA,98.5,0.502838157067351
723,2001,MIL,104.6,0.5233373397435898
724,2001,MIN,103.7,0.5219385265034164
725,2001,NJN,105.5,0.5358074913501326
726,2001,NYK,98.2,0.5009509481094584
727,2001,ORL,102.1,0.5185473594789749
728,2001,PHI,98.9,0.4988289767679759
729,2001,PHO,98.0,0.5116283494702278
730,2001,POR,101.8,0.513369571185417
731,2001,SAC,99.6,0.4980019145153693
732,2001,SAS,98.0,0.48319417341139087
733,2001,SEA,105.6,0.5257357400112845
734,2001,TOR,103.4,0.5175608077706905
735,2001,UTA,102.4,0.5312820915707543
736,2001,VAN,105.8,0.5270293796457983
737,2001,WAS,107.8,0.5450635552622054
738,2002,ATL,106.4,0.5346280825044321
739,2002,BOS,101.0,0.5147325524333781
740,2002,CHO,103.3,0.5117017962270637
741,2002,CHI,107.6,0.5404514636246233
742,2002,CLE,108.2,0.5344281453591675
743,2002,DAL,107.7,0.5299566306023072
744,2002,DEN,107.8,0.5369245900237327
745,2002,DET,102.4,0.5155285941071536
746,2002,GSW,108.5,0.5330474268415741
747,2002,HOU,108.6,0.5252914698937426
748,2002,IND,103.8,0.5135404448780893
749,2002,LAC,106.0,0.5152590934995268
750,2002,LAL,101.7,0.5020367605362689
751,2002,MEM,106.3,0.5240476278014423
752,2002,MIA,100.2,0.5042356906836981
753,2002,MIL,107.1,0.519614911793845
754,2002,MIN,105.3,0.5234501405092395
755,2002,NJN,99.5,0.5032268387647341
756,2002,NYK,105.9,0.524784892406046
757,2002,ORL,105.3,0.5263219369374046
758,2002,PHI,100.3,0.502666257035956
759,2002,PHO,104.0,0.5204855922593499
760,2002,POR,104.0,0.5269484743194954
761,2002,SAC,101.1,0.5044291338582677
762,2002,SAS,99.7,0.4947716705059295
763,2002,SEA,105.6,0.5235722106262372
764,2002,TOR,103.1,0.5175371554563399
765,2002,UTA,104.6,0.5390183479136021
766,2002,WAS,106.4,0.5256166673017981
767,2003,ATL,106.1,0.5136845671344537
768,2003,BOS,101.6,0.5179205533897293
769,2003,CHI,105.6,0.5213865693564208
770,2003,CLE,106.7,0.5336006060012677
771,2003,DAL,102.3,0.5148342980155862
772,2003,DEN,101.3,0.5326564801385189
773,2003,DET,99.9,0.5061384242833812
774,2003,GSW,109.5,0.524780152151024
775,2003,HOU,102.6,0.5061403039383562
776,2003,IND,100.8,0.5057834025861431
777,2003,LAC,106.8,0.5253662059545429
778,2003,LAL,104.7,0.5244978808693654
779,2003,MEM,107.3,0.5289202854376591
780,2003,MIA,102.4,0.5199614822611256
781,2003,MIL,108.6,0.5374292143853273
782,2003,MIN,103.8,0.5122055273453758
783,2003,NJN,98.1,0.5052603950217633
784,2003,NOH,101.6,0.5109300746775288
785,2003,NYK,106.2,0.5354753242007169
786,2003,ORL,105.0,0.5343799682034976
787,2003,PHI,102.5,0.5340019839082993
788,2003,PHO,102.5,0.515511289171133
789,2003,POR,102.6,0.5219423490638188
790,2003,SAC,99.1,0.48877856059126623
791,2003,SAS,99.7,0.49629851833599387
792,2003,SEA,103.9,0.5235120217459904
793,2003,TOR,107.0,0.5320433037917641
794,2003,UTA,102.8,0.5190069310679771
795,2003,WAS,104.1,0.5198424229797081
796,2004,ATL,106.1,0.5222382535600025
797,2004,BOS,103.7,0.52342681529436
798,2004,CHI,103.4,0.5184498638707061
799,2004,CLE,104.2,0.5130589683807927
800,2004,DAL,107.4,0.5374427560366362
801,2004,DEN,102.7,0.522063887270223
802,2004,DET,95.4,0.4838777454056477
803,2004,GSW,103.8,0.5170355466130114
804,2004,HOU,99.0,0.4948215078760232
805,2004,IND,97.2,0.5035140562248996
806,2004,LAC,108.5,0.5356457203570357
807,2004,LAL,101.3,0.5151809129869299
808,2004,MEM,102.2,0.5156083244397012
809,2004,MIA,101.7,0.5161312947117408
810,2004,MIL,105.4,0.5252950160389374
811,2004,MIN,99.7,0.48961372607912124
812,2004,NJN,98.0,0.5062471859522738
813,2004,NOH,102.4,0.5184430063503593
814,2004,NYK,103.3,0.5137353649445169
815,2004,ORL,110.4,0.5403512707090097
816,2004,PHI,101.9,0.5122854601799731
817,2004,PHO,105.5,0.5288823786666105
818,2004,POR,105.1,0.5182087452534168
819,2004,SAC,104.9,0.5206926991380205
820,2004,SAS,94.1,0.4798343186060983
821,2004,SEA,108.0,0.5333815967379617
822,2004,TOR,100.4,0.498885709569141
823,2004,UTA,103.3,0.5303915586359345
824,2004,WAS,104.8,0.5281206045031039
825,2005,ATL,111.1,0.5643375734223268
826,2005,BOS,106.6,0.5325273087610541
827,2005,CHA,107.5,0.5472877961479461
828,2005,CHI,100.3,0.5063341355690143
829,2005,CLE,105.7,0.5315301893436628
830,2005,DAL,104.1,0.5188252342364493
831,2005,DEN,103.9,0.5281299378002314
832,2005,DET,101.2,0.5035971223021583
833,2005,GSW,106.9,0.5331808547396433
834,2005,HOU,101.7,0.5075441526018352
835,2005,IND,104.6,0.5214480316784504
836,2005,LAC,106.4,0.5263409987174097
837,2005,LAL,111.4,0.5360237809926919
838,2005,MEM,102.9,0.5208565661521991
839,2005,MIA,103.1,0.5096834624984955
840,2005,MIL,109.8,0.5429669330627087
841,2005,MIN,106.6,0.5138607611583073
842,2005,NJN,103.1,0.5305148758627221
843,2005,NOH,107.7,0.5414313919598268
844,2005,NYK,108.9,0.5487801604260848
845,2005,ORL,107.3,0.532099420455473
846,2005,PHI,104.3,0.5366626646883962
847,2005,PHO,107.1,0.5123397048149044
848,2005,POR,107.7,0.5191054850557177
849,2005,SAC,108.2,0.5320834568557496
850,2005,SAS,98.8,0.5019946808510638
851,2005,SEA,109.6,0.5415796494527483
852,2005,TOR,108.7,0.542450982951727
853,2005,UTA,109.5,0.5590747470668731
854,2005,WAS,107.5,0.5408899169955096
855,2006,ATL,111.6,0.5592054227277348
856,2006,BOS,106.9,0.540826824055956
857,2006,CHA,106.7,0.5577569417844985
858,2006,CHI,103.4,0.5240257382922864
859,2006,CLE,105.4,0.5320640191621981
860,2006,DAL,105.0,0.5248448571805818
861,2006,DEN,105.2,0.5341246290801187
862,2006,DET,103.1,0.5143380245635709
863,2006,GSW,106.2,0.5360594425557994
864,2006,HOU,103.3,0.5184566998648165
865,2006,IND,102.4,0.5090143581992875
866,2006,LAC,103.6,0.5161948650427913
867,2006,LAL,105.7,0.53127071882285
868,2006,MEM,101.6,0.5162613428060708
869,2006,MIA,104.5,0.5244354692611813
870,2006,MIL,107.4,0.5500673247114267
871,2006,MIN,104.5,0.5196542498456472
872,2006,NJN,102.4,0.5260213656705645
873,2006,NOK,106.8,0.5466972292865747
874,2006,NYK,111.0,0.5615285495691391
875,2006,ORL,107.5,0.5367955921662757
876,2006,PHI,108.1,0.5445185006502496
877,2006,PHO,105.8,0.5268294999525097
878,2006,POR,111.9,0.5491031768957004
879,2006,SAC,105.0,0.5279146445374727
880,2006,SAS,99.6,0.5011513121653483
881,2006,SEA,114.4,0.5705569173189953
882,2006,TOR,112.7,0.5729650741120788
883,2006,UTA,107.0,0.5437696522219926
884,2006,WAS,107.3,0.5489169219872617
885,2007,ATL,108.3,0.5487108355091384
886,2007,BOS,106.9,0.5511050546973629
887,2007,CHA,107.6,0.5495647170394365
888,2007,CHI,99.6,0.5200639579241271
889,2007,CLE,101.3,0.5248483312302665
890,2007,DAL,103.2,0.5272282304421816
891,2007,DEN,105.9,0.5353860872630227
892,2007,DET,104.2,0.521563402053288
893,2007,GSW,107.4,0.5522748810387935
894,2007,HOU,100.7,0.5116483814167683
895,2007,IND,105.5,0.5408430694055031
896,2007,LAC,105.6,0.5340530841040432
897,2007,LAL,108.6,0.5478177730690715
898,2007,MEM,112.3,0.5690624544906069
899,2007,MIA,105.3,0.528313389514119
900,2007,MIL,111.7,0.5611791142171515
901,2007,MIN,107.9,0.5406384531578892
902,2007,NJN,106.6,0.5396983471738118
903,2007,NOK,106.5,0.5388351091476091
904,2007,NYK,108.8,0.5481386734884217
905,2007,ORL,104.1,0.5341045173308495
906,2007,PHI,106.9,0.5414941003904311
907,2007,PHO,106.4,0.5324707450299364
908,2007,POR,109.9,0.5571682677169704
909,2007,SAC,108.0,0.5558698168806567
910,2007,SAS,99.9,0.5105284397786513
911,2007,SEA,110.3,0.5576096692329018
912,2007,TOR,106.0,0.5431916748275454
913,2007,UTA,107.0,0.5534522499438814
914,2007,WAS,110.6,0.5623842265548963
915,2008,ATL,108.9,0.5405302111777668
916,2008,BOS,98.9,0.5077214252406945
917,2008,CHA,109.4,0.5465981852782538
918,2008,CHI,107.2,0.5446862332109101
919,2008,CLE,106.4,0.5379231770833334
920,2008,DAL,106.1,0.5237897272722427
921,2008,DEN,106.3,0.5350614741096138
922,2008,DET,102.9,0.5172500728323959
923,2008,GSW,109.5,0.5546770889273426
924,2008,HOU,101.6,0.5075128307205646
925,2008,IND,107.5,0.5475220225243034
926,2008,LAC,109.1,0.545820469321307
927,2008,LAL,105.5,0.525899389857971
928,2008,MEM,111.4,0.5573471142059298
929,2008,MIA,110.0,0.5538145666738707
930,2008,MIL,112.8,0.5677608328313815
931,2008,MIN,111.2,0.5613101828821456
932,2008,NJN,109.4,0.5471015259582214
933,2008,NOH,105.7,0.5368720166165212
934,2008,NYK,111.9,0.5566979484139682
935,2008,ORL,105.5,0.5255696530295184
936,2008,PHI,106.0,0.5430622404810943
937,2008,PHO,108.1,0.5244337917561833
938,2008,POR,108.4,0.5323220561916467
939,2008,SAC,109.9,0.5552267428937697
940,2008,SAS,101.8,0.5169557591112843
941,2008,SEA,109.5,0.5422962454212454
942,2008,TOR,107.0,0.5440535364502911
943,2008,UTA,106.5,0.552501926228174
944,2008,WAS,109.6,0.5520626816219005
945,2009,ATL,107.6,0.5348601540332387
946,2009,BOS,102.3,0.5212757268866384
947,2009,CHA,106.1,0.5405484263587002
948,2009,CHI,108.7,0.5400571878198173
949,2009,CLE,102.4,0.514647283519745
950,2009,DAL,108.4,0.5388561311433946
951,2009,DEN,106.8,0.5360622518890121
952,2009,DET,108.0,0.5336559866761209
953,2009,GSW,113.3,0.5545896325693177
954,2009,HOU,104.0,0.5163949734532163
955,2009,IND,109.2,0.5489406982666888
956,2009,LAC,111.7,0.5530881512648694
957,2009,LAL,104.7,0.5303180344615512
958,2009,MEM,109.5,0.5597148244037312
959,2009,MIA,107.6,0.5484430765200877
960,2009,MIL,107.9,0.5619043718085251
961,2009,MIN,111.4,0.5611075578296557
962,2009,NJN,111.0,0.5578834535178328
963,2009,NOH,107.0,0.5401243194293828
964,2009,NYK,110.8,0.5581354827957152
965,2009,OKC,109.4,0.5525483120211292
966,2009,ORL,101.9,0.5081386245777005
967,2009,PHI,107.8,0.5483354128077301
968,2009,PHO,111.6,0.55428970942544
969,2009,POR,107.8,0.5444447580872805
970,2009,SAC,114.7,0.5708442841717092
971,2009,SAS,104.3,0.5248785575102232
972,2009,TOR,110.0,0.5494042857744285
973,2009,UTA,107.3,0.5522911238306778
974,2009,WAS,113.6,0.5714989713153161
975,2010,ATL,106.7,0.5348298170984205
976,2010,BOS,103.8,0.5340144584619075
977,2010,CHA,102.8,0.5277564348828275
978,2010,CHI,105.3,0.5245581241641408
979,2010,CLE,104.1,0.5244858192096444
980,2010,DAL,106.3,0.5342873193884409
981,2010,DEN,107.5,0.5424527082568618
982,2010,DET,111.4,0.5718659942363112
983,2010,GSW,111.7,0.5700343863641986
984,2010,HOU,108.0,0.5504032152693938
985,2010,IND,106.8,0.5381144368958068
986,2010,LAC,110.1,0.5483203186415807
987,2010,LAL,103.7,0.5216861905361716
988,2010,MEM,109.9,0.5561845530957983
989,2010,MIA,104.1,0.5272214671317297
990,2010,MIL,103.1,0.5365538380984587
991,2010,MIN,111.6,0.5641775952935408
992,2010,NJN,110.5,0.5561837096912154
993,2010,NOH,110.1,0.5584851008747964
994,2010,NYK,111.6,0.5613838247003713
995,2010,OKC,104.6,0.5282727138860256
996,2010,ORL,103.3,0.5177487341268789
997,2010,PHI,110.3,0.5596654095348612
998,2010,PHO,110.2,0.5334669110925541
999,2010,POR,107.1,0.5417572615264536
1000,2010,SAC,109.9,0.5504556470909081
1001,2010,SAS,104.5,0.5245679872004082
1002,2010,TOR,113.2,0.5586851075661926
1003,2010,UTA,105.0,0.5422745437912273
1004,2010,WAS,109.4,0.5462419817690749
1005,2011,ATL,107.0,0.5366011572063139
1006,2011,BOS,100.3,0.5160911602209944
1007,2011,CHA,107.8,0.5440890838461874
1008,2011,CHI,100.3,0.5087576717966003
1009,2011,CLE,111.8,0.5607958771093676
1010,2011,DAL,105.0,0.5275960971425508
1011,2011,DEN,107.3,0.5417635978095278
1012,2011,DET,111.7,0.567259379110326
1013,2011,GSW,110.7,0.5568346506871139
1014,2011,HOU,109.0,0.5425603029050513
1015,2011,IND,106.0,0.53114018864435
1016,2011,LAC,108.7,0.5460983997864288
1017,2011,LAL,104.3,0.5141814126706925
1018,2011,MEM,105.1,0.5447093159382096
1019,2011,MIA,103.5,0.5181558274995992
1020,2011,MIL,102.5,0.5281152059392296
1021,2011,MIN,111.1,0.5602724223154881
1022,2011,NJN,109.9,0.546557629503757
1023,2011,NOH,105.2,0.5430128728768204
1024,2011,NYK,110.1,0.5541635773272313
1025,2011,OKC,107.2,0.5349357947912685
1026,2011,ORL,102.0,0.5178104707245439
1027,2011,PHI,105.0,0.5321952855857343
1028,2011,PHO,110.4,0.5508642301095131
1029,2011,POR,107.1,0.5518893920197263
1030,2011,SAC,109.0,0.554601337913578
1031,2011,SAS,105.6,0.5280579246810883
1032,2011,TOR,112.9,0.5664918032786885
1033,2011,UTA,110.1,0.55609880247542
1034,2011,WAS,110.2,0.5566883012446368
1035,2012,ATL,101.2,0.5167637209677636
1036,2012,BOS,98.2,0.49787877969032884
1037,2012,CHA,110.4,0.5488190949802468
1038,2012,CHI,98.3,0.4863140089189605
1039,2012,CLE,108.9,0.5444301055445453
1040,2012,DAL,102.3,0.518933313877134
1041,2012,DEN,106.2,0.5418739984819094
1042,2012,DET,106.3,0.5428277603131255
1043,2012,GSW,109.1,0.5394184168012924
1044,2012,HOU,105.2,0.5309407161411238
1045,2012,IND,103.1,0.5179137824413015
1046,2012,LAC,105.7,0.537067878389122
1047,2012,LAL,104.4,0.5072463768115941
1048,2012,MEM,101.8,0.5288123440107003
1049,2012,MIA,100.2,0.5166653125888614
1050,2012,MIL,105.2,0.5317048495529013
1051,2012,MIN,106.6,0.526791521597735
1052,2012,NJN,109.6,0.5493702279815034
1053,2012,NOH,105.1,0.5275337710619826
1054,2012,NYK,101.0,0.5260542980328752
1055,2012,OKC,103.2,0.5079906500501797
1056,2012,ORL,104.1,0.5258640108671168
1057,2012,PHI,99.2,0.5002645466755301
1058,2012,PHO,106.5,0.5295051876537746
1059,2012,POR,106.4,0.5403197728916147
1060,2012,SAC,109.8,0.5510062478816675
1061,2012,SAS,103.2,0.5217516698019834
1062,2012,TOR,104.5,0.5240041893307206
1063,2012,UTA,106.1,0.5383961462170587
1064,2012,WAS,106.2,0.5357095740049341
1065,2013,ATL,104.4,0.5308262813093937
1066,2013,BOS,103.3,0.5230080840657404
1067,2013,BKN,106.2,0.5337264757899809
1068,2013,CHA,111.5,0.5577080042825191
1069,2013,CHI,103.2,0.5167308141207636
1070,2013,CLE,109.4,0.5605111548272731
1071,2013,DAL,106.5,0.5344174580640532
1072,2013,DEN,105.1,0.5283378301872357
1073,2013,DET,108.1,0.5434403630355955
1074,2013,GSW,105.5,0.5260686429053985
1075,2013,HOU,106.1,0.5396057660693737
1076,2013,IND,99.8,0.495327153203583
1077,2013,LAC,103.6,0.5346090464668956
1078,2013,LAL,106.6,0.5256706964280277
1079,2013,MEM,100.3,0.5163155429390551
1080,2013,MIA,103.7,0.5266751392569359
1081,2013,MIL,105.2,0.5306187177992894
1082,2013,MIN,105.4,0.5447677914592328
1083,2013,NOH,110.1,0.5568452232373156
1084,2013,NYK,106.3,0.5476372546830696
1085,2013,OKC,102.6,0.5104410148449714
1086,2013,ORL,109.1,0.5426871095611375
1087,2013,PHI,105.7,0.5337286279249192
1088,2013,PHO,108.1,0.5492803669337832
1089,2013,POR,109.2,0.5466452997112812
1090,2013,SAC,111.4,0.5595154631144349
1091,2013,SAS,101.6,0.5157424139062329
1092,2013,TOR,107.5,0.5439546552085742
1093,2013,UTA,106.8,0.5428973239109662
1094,2013,WAS,103.0,0.522180015109437
1095,2014,ATL,106.4,0.5451446031929056
1096,2014,BOS,107.7,0.5467483765717858
1097,2014,BKN,107.7,0.551237159639254
1098,2014,CHA,103.8,0.5262072357461302
1099,2014,CHI,100.5,0.5090669090279581
1100,2014,CLE,107.7,0.5447415815044396
1101,2014,DAL,108.7,0.5554556323201117
1102,2014,DEN,108.2,0.5432267982765998
1103,2014,DET,109.7,0.5585858007567517
1104,2014,GSW,102.6,0.5220790461606224
1105,2014,HOU,106.3,0.526505225821236
1106,2014,IND,99.3,0.5006002972396905
1107,2014,LAC,104.8,0.5266198107782115
1108,2014,LAL,110.6,0.5459212527789695
1109,2014,MEM,104.6,0.5354302221534858
1110,2014,MIA,105.8,0.5486823383344229
1111,2014,MIL,111.8,0.5587076893953337
1112,2014,MIN,106.2,0.550001286703209
1113,2014,NOP,110.1,0.5581146238125362
1114,2014,NYK,109.1,0.5579214021634945
1115,2014,OKC,103.9,0.5275743825091528
1116,2014,ORL,107.4,0.5436592167145294
1117,2014,PHI,109.9,0.5653814882105538
1118,2014,PHO,106.7,0.54133528942424
1119,2014,POR,107.4,0.526317104493871
1120,2014,SAC,108.8,0.552366335034058
1121,2014,SAS,102.4,0.5185206294267906
1122,2014,TOR,105.3,0.5370618793625004
1123,2014,UTA,111.3,0.5589875647115333
1124,2014,WAS,104.6,0.545275969855271
1125,2015,ATL,103.1,0.5280158696482369
1126,2015,BOS,104.5,0.5331519113550629
1127,2015,BKN,107.4,0.5385232201527703
1128,2015,CHO,103.5,0.5251265936055753
1129,2015,CHI,104.3,0.5096528335655234
1130,2015,CLE,106.3,0.5345749039218899
1131,2015,DAL,106.4,0.540818589204771
1132,2015,DEN,108.2,0.5463471953627426
1133,2015,DET,106.4,0.5392911154118679
1134,2015,GSW,101.4,0.5137510603801808
1135,2015,HOU,103.4,0.5259744570462704
1136,2015,IND,103.2,0.5206452389550981
1137,2015,LAC,105.5,0.5351835436437585
1138,2015,LAL,110.6,0.5571098940239414
1139,2015,MEM,102.2,0.5260146496024527
1140,2015,MIA,106.7,0.5418274194424822
1141,2015,MIL,102.2,0.5284522725829328
1142,2015,MIN,112.2,0.5686107596749085
1143,2015,NOP,107.3,0.5328013670092979
1144,2015,NYK,110.0,0.5542954390014534
1145,2015,OKC,105.5,0.5288205622164204
1146,2015,ORL,107.7,0.5509970422669593
1147,2015,PHI,104.8,0.5392749559616006
1148,2015,PHO,106.2,0.5385114173829019
1149,2015,POR,103.7,0.5130308047004337
1150,2015,SAC,109.2,0.5431876425126622
1151,2015,SAS,102.0,0.520977994853762
1152,2015,TOR,107.7,0.5420457165615109
1153,2015,UTA,104.9,0.5286358573097509
1154,2015,WAS,103.0,0.5209469921335121
1155,2016,ATL,101.4,0.5179899164799349
1156,2016,BOS,103.6,0.5311620101000399
1157,2016,BKN,110.9,0.5650378598768514
1158,2016,CHO,104.3,0.5337194869673149
1159,2016,CHI,106.5,0.5200031485526497
1160,2016,CLE,104.5,0.5338179603294404
1161,2016,DAL,107.0,0.5396324880181447
1162,2016,DEN,108.9,0.5543093057515788
1163,2016,DET,105.5,0.5423207229028872
1164,2016,GSW,103.8,0.519674477708588
1165,2016,HOU,108.1,0.554423948368197
1166,2016,IND,102.9,0.5281184442016608
1167,2016,LAC,103.8,0.5234261547476498
1168,2016,LAL,111.6,0.5563962079243616
1169,2016,MEM,107.8,0.5625446786387367
1170,2016,MIA,104.4,0.5247215444722481
1171,2016,MIL,108.7,0.551118252463593
1172,2016,MIN,110.1,0.5588949730330602
1173,2016,NOP,109.5,0.5638709410847188
1174,2016,NYK,107.6,0.5264354559265112
1175,2016,OKC,105.6,0.5242857142857142
1176,2016,ORL,106.8,0.5508446024744598
1177,2016,PHI,109.2,0.5553640097445086
1178,2016,PHO,109.0,0.5631793026975375
1179,2016,POR,108.0,0.5426452974970057
1180,2016,SAC,108.4,0.5567882971729126
1181,2016,SAS,99.0,0.5134917981514835
1182,2016,TOR,105.2,0.5348726613850233
1183,2016,UTA,103.9,0.5342089386750151
1184,2016,WAS,105.8,0.5550391731437418
1185,2017,ATL,105.7,0.5408699578414412
1186,2017,BOS,108.4,0.544590772271437
1187,2017,BKN,110.7,0.5523581652008968
1188,2017,CHO,108.6,0.5538538161398873
1189,2017,CHI,107.0,0.5396238051187172
1190,2017,CLE,110.3,0.5486827119050474
1191,2017,DAL,108.8,0.5678571820988672
1192,2017,DEN,112.7,0.5672882638080166
1193,2017,DET,107.1,0.5534663954125733
1194,2017,GSW,104.0,0.5245300152162176
1195,2017,HOU,109.0,0.5555651739472396
1196,2017,IND,108.8,0.5551869738066951
1197,2017,LAC,108.2,0.5456819781497689
1198,2017,LAL,113.0,0.5770998883562094
1199,2017,MEM,107.1,0.5514616862257663
1200,2017,MIA,106.7,0.5396643291739713
1201,2017,MIL,109.3,0.5572139303482587
1202,2017,MIN,112.0,0.5712688594474861
1203,2017,NOP,107.4,0.5424028795577254
1204,2017,NYK,111.5,0.5509647014327446
1205,2017,OKC,107.5,0.5509608645749748
1206,2017,ORL,110.5,0.5587133199989873
1207,2017,PHI,108.9,0.5554094006814994
1208,2017,PHO,112.2,0.5722093326831095
1209,2017,POR,110.8,0.5541350160496042
1210,2017,SAC,111.3,0.5681463931666563
1211,2017,SAS,103.5,0.5301612818215359
1212,2017,TOR,107.8,0.5495474085023478
1213,2017,UTA,105.3,0.5310221322797212
1214,2017,WAS,109.3,0.5608223100911074
1215,2018,ATL,110.6,0.5683642423593804
1216,2018,BOS,103.9,0.5318310746927198
1217,2018,BKN,110.6,0.5531076236911987
1218,2018,CHO,109.1,0.5634288652760312
1219,2018,CHI,110.9,0.5746679582940322
1220,2018,CLE,111.9,0.5678668265983933
1221,2018,DAL,109.5,0.5652493666380519
1222,2018,DEN,111.0,0.566942397276332
1223,2018,DET,107.3,0.5555396186263873
1224,2018,GSW,107.7,0.5390772934332141
1225,2018,HOU,106.1,0.5512983146503742
1226,2018,IND,108.1,0.5577914514199752
1227,2018,LAC,110.2,0.5573884224921888
1228,2018,LAL,108.0,0.5491196004359237
1229,2018,MEM,111.0,0.5728667432783812
1230,2018,MIA,106.3,0.5479460947237225
1231,2018,MIL,110.1,0.567727947050097
1232,2018,MIN,111.1,0.5725334916147305
1233,2018,NOP,108.3,0.5468870805628576
1234,2018,NYK,110.7,0.5594545160573172
1235,2018,OKC,107.2,0.559920078666025
1236,2018,ORL,110.1,0.5586725828628413
1237,2018,PHI,105.0,0.5323753249123292
1238,2018,PHO,112.9,0.5692290347248093
1239,2018,POR,106.4,0.5390973182971468
1240,2018,SAC,111.1,0.5759019831682906
1241,2018,SAS,104.8,0.5391462168227844
1242,2018,TOR,105.9,0.5410974915640119
1243,2018,UTA,103.9,0.542674196627426
1244,2018,WAS,108.7,0.5596294369975952
1245,2019,ATL,113.9,0.5799787633440149
1246,2019,BOS,107.8,0.5501088783048791
1247,2019,BKN,109.7,0.5479090221162495
1248,2019,CHO,112.5,0.5702365259780635
1249,2019,CHI,113.2,0.5730438213607556
1250,2019,CLE,117.6,0.5930494979206816
1251,2019,DAL,110.7,0.556989003290626
1252,2019,DEN,108.9,0.5548665428980126
1253,2019,DET,109.2,0.5621236748755379
1254,2019,GSW,109.5,0.5464166570804094
1255,2019,HOU,110.7,0.5620898941889325
1256,2019,IND,106.5,0.5492058779872346
1257,2019,LAC,111.5,0.5552159014971636
1258,2019,LAL,109.5,0.5520044416604977
1259,2019,MEM,108.8,0.5632193131869554
1260,2019,MIA,107.6,0.5473960407519244
1261,2019,MIL,105.2,0.5323637210673182
1262,2019,MIN,112.9,0.5705822307530758
1263,2019,NOP,112.6,0.5660696380937966
1264,2019,NYK,113.7,0.568270411444832
1265,2019,OKC,107.0,0.5595116988809766
1266,2019,ORL,108.1,0.5504705005238978
1267,2019,PHI,110.0,0.5496469960099346
1268,2019,PHO,115.1,0.582380630510156
1269,2019,POR,110.5,0.5519186148536667
1270,2019,SAC,111.5,0.5689531502734344
1271,2019,SAS,111.2,0.5579230266674585
1272,2019,TOR,107.1,0.5446402738342184
1273,2019,UTA,105.7,0.5419209701688956
1274,2019,WAS,113.9,0.5805420329869941
1275,2020,ATL,114.8,0.5823880961092817
1276,2020,BOS,107.0,0.5487133031561131
1277,2020,BKN,109.5,0.5463325678778873
1278,2020,CHO,113.3,0.5731354999774799
1279,2020,CHI,109.8,0.5848848403088388
1280,2020,CLE,115.4,0.5866672957161728
1281,2020,DAL,111.7,0.555715706291191
1282,2020,DEN,111.0,0.5665404212729175
1283,2020,DET,112.7,0.5739503607104961
1284,2020,GSW,113.8,0.5855288708485236
1285,2020,HOU,110.1,0.5633110070793662
1286,2020,IND,108.0,0.548450414378544
1287,2020,LAC,107.6,0.5441449916380601
1288,2020,LAL,106.3,0.5536447980714065
1289,2020,MEM,110.3,0.5610898392714215
1290,2020,MIA,109.5,0.5622070367651211
1291,2020,MIL,102.9,0.5253537704587748
1292,2020,MIN,112.2,0.5790736053893948
1293,2020,NOP,111.9,0.5704816017316018
1294,2020,NYK,113.0,0.57664408552607
1295,2020,OKC,108.8,0.5518468881122836
1296,2020,ORL,109.5,0.5663581131426606
1297,2020,PHI,109.0,0.5601316557236816
1298,2020,PHO,111.4,0.5777272803408019
1299,2020,POR,114.8,0.5664230381842823
1300,2020,SAC,112.2,0.5826338455854337
1301,2020,SAS,113.5,0.5755726867285341
1302,2020,TOR,105.0,0.5405424455158025
1303,2020,UTA,109.9,0.5520093563296133
1304,2020,WAS,115.5,0.5958635643399216
1305,2021,ATL,113.3,0.565805293549862
1306,2021,BOS,112.5,0.5770328802043982
1307,2021,BKN,113.8,0.5648586787272557
1308,2021,CHO,112.8,0.5764575318992335
1309,2021,CHI,112.0,0.5723956106598261
1310,2021,CLE,114.4,0.5865689922390624
1311,2021,DAL,113.0,0.5680841678315268
1312,2021,DEN,112.1,0.5789146281628934
1313,2021,DET,112.5,0.5739850841385488
1314,2021,GSW,110.1,0.5620959783560824
1315,2021,HOU,114.9,0.5889131251506978
1316,2021,IND,112.4,0.567141959627414
1317,2021,LAC,111.2,0.5643951289298301
1318,2021,LAL,107.1,0.5593886462882096
1319,2021,MEM,111.0,0.5703725238931259
1320,2021,MIA,111.2,0.5746557532060753
1321,2021,MIL,111.4,0.5647486954133479
1322,2021,MIN,115.0,0.5907164170779999
1323,2021,NOP,113.8,0.5826960682103792
1324,2021,NYK,108.2,0.5454187716648438
1325,2021,OKC,114.0,0.5757602580202588
1326,2021,ORL,114.5,0.5771407549946234
1327,2021,PHI,107.6,0.557258688364897
1328,2021,PHO,111.3,0.5682539224734656
1329,2021,POR,116.0,0.5816369217549592
1330,2021,SAC,117.2,0.5907228424012387
1331,2021,SAS,112.8,0.5701022997799039
1332,2021,TOR,112.5,0.584292022543722
1333,2021,UTA,108.3,0.5372391090018883
1334,2021,WAS,113.0,0.5764822283977984
1335,2022,ATL,114.9,0.575005990295721
1336,2022,BOS,106.9,0.5377579254483095
1337,2022,BKN,112.8,0.5588568538681112
1338,2022,CHO,113.7,0.5753914934160701
1339,2022,CHI,113.6,0.5767713865121911
1340,2022,CLE,109.7,0.5517365214556421
1341,2022,DAL,109.4,0.5544177806243673
1342,2022,DEN,112.1,0.5692535196390578
1343,2022,DET,113.8,0.5800287594712682
1344,2022,GSW,106.9,0.5456013728360167
1345,2022,HOU,116.7,0.5888986647093422
1346,2022,IND,116.1,0.5873152371694209
1347,2022,LAC,110.1,0.5460371757443504
1348,2022,LAL,113.3,0.5712149297506062
1349,2022,MEM,109.0,0.5579848661925797
1350,2022,MIA,109.1,0.5623035152900828
1351,2022,MIL,111.8,0.5641131981015858
1352,2022,MIN,111.7,0.575034906865512
1353,2022,NOP,113.0,0.5811457626421536
1354,2022,NYK,110.5,0.5565077214570939
1355,2022,OKC,112.8,0.5634228583787184
1356,2022,ORL,112.5,0.5670754851844366
1357,2022,PHI,110.8,0.558643260480988
1358,2022,PHO,107.3,0.5458431325851171
1359,2022,POR,116.9,0.5950579738651093
1360,2022,SAC,115.3,0.5810323806352735
1361,2022,SAS,112.3,0.5632705546048538
1362,2022,TOR,110.5,0.5713371188266706
1363,2022,UTA,110.5,0.5503741121388033
1364,2022,WAS,114.5,0.5675217393453726
1365,2023,ATL,116.3,0.5882631571276581
1366,2023,BOS,111.5,0.560042763335344
1367,2023,BKN,114.1,0.566763164879238
1368,2023,CHO,115.3,0.5820291680798488
1369,2023,CHI,112.2,0.5777003870655592
1370,2023,CLE,110.6,0.5723824800280052
1371,2023,DAL,116.7,0.587552917426217
1372,2023,DEN,114.2,0.5774693043317086
1373,2023,DET,118.9,0.5949757332667284
1374,2023,GSW,114.4,0.5763590191635624
1375,2023,HOU,119.3,0.6003205001580278
1376,2023,IND,117.7,0.5939129380380744
1377,2023,LAC,114.5,0.5760285647552267
1378,2023,LAL,113.9,0.5658307135823044
1379,2023,MEM,111.2,0.5638713321581956
1380,2023,MIA,113.3,0.5936837274079702
1381,2023,MIL,111.9,0.5530120137708383
1382,2023,MIN,113.8,0.5779914113774903
1383,2023,NOP,112.5,0.5795962998340959
1384,2023,NYK,114.8,0.5736078536155726
1385,2023,OKC,114.2,0.5839737627881932
1386,2023,ORL,114.2,0.5871635714824215
1387,2023,PHI,113.3,0.5785046158230618
1388,2023,PHO,113.0,0.5740772346908554
1389,2023,POR,118.8,0.5983186425847763
1390,2023,SAC,116.8,0.5964086110536121
1391,2023,SAS,120.0,0.6068930348019359
1392,2023,TOR,114.0,0.6020498568211662
1393,2023,UTA,116.7,0.5766874529210408
1394,2023,WAS,115.6,0.5751708707662566
1395,2024,ATL,119.4,0.6039161044294514
1396,2024,BOS,111.6,0.550138317683535
1397,2024,BKN,116.1,0.5790737812451676
1398,2024,CHO,119.8,0.6033839890357948
1399,2024,CHI,116.3,0.5887731493175182
1400,2024,CLE,112.7,0.5695337863725273
1401,2024,DAL,115.4,0.5787483460845535
1402,2024,DEN,113.0,0.5609610554332141
1403,2024,DET,118.8,0.5959040983446362
1404,2024,GSW,115.2,0.5740704715122924
1405,2024,HOU,113.4,0.5705873675411206
1406,2024,IND,118.0,0.594104745607481
1407,2024,LAC,115.4,0.5726063909138828
1408,2024,LAL,115.3,0.5775846764326259
1409,2024,MEM,114.3,0.5845148735056992
1410,2024,MIA,112.2,0.57342823372749
1411,2024,MIL,115.8,0.5738491740806143
1412,2024,MIN,109.0,0.5526130658352904
1413,2024,NOP,112.9,0.5741177542467251
1414,2024,NYK,113.4,0.5732800951051843
1415,2024,OKC,112.1,0.5669266793645807
1416,2024,ORL,111.3,0.5785777865690832
1417,2024,PHI,113.8,0.5756131819005618
1418,2024,PHO,114.6,0.5674231493482673
1419,2024,POR,117.5,0.5945917413205442
1420,2024,SAC,115.2,0.5924006604181977
1421,2024,SAS,116.4,0.5851655361329489
1422,2024,TOR,118.8,0.5945521662914984
1423,2024,UTA,120.4,0.5964218310301053
1424,2024,WAS,119.6,0.5946571040570361
